I think pressure's healthy, and very few can handle it.
Get your crap together!
Delicious./n Finally, some good freaking messages.
I don't like looking back. I'm always constantly looking forward. I'm not one to sort of sit and cry over spilt milk. I'm too busy looking for the next cow.
I've had a lot of success; I've had failures, so I learn from the failure.
Put your head down and work hard. Never wait for things to happen, make them happen for yourself through hard graft and not giving up.
If you want to become a great people, you have to work with great people. And that's exactly what I did.
Push your limit to the absolute extreme.
Stop taking things personally.
In order to create a little bit of confidence, start cooking with pasta. Pasta is phenomenal. Once you've cooked your pasta properly for the first time it becomes second nature.
The minute you start compromising for the sake of massaging somebody's ego, that's it, game over.
Best to start at the bottom and climb up. It's must more fun, too.
A disability doesn't stop you using your brain. I've had a young man in here two years ago that broke his fucking arm, who went off to win the fucking competition.
If you've given up, get out...if you haven't, fight back!
Now, tie your apron, big deep breath...
Maybe a couple minutes behind, but that's nothing.
You can do this. I know you can.
Good luck.
Honestly...you're great. Continue those dreams.
Many very talented individuals right here.
Be proud of what you've accomplished, okay?
Well done. Well done, well done, well done.
Stop doubting yourself. Be bold.
Stop feeling upset in yourself.
You've got to start believing in yourself more, okay?
Well done. Congratulations. A really good job.
You can do this!
Love it.