STUFFED TENDERLOIN,https://www.gordonramsay.com/gr/recipes/pork-stuffed-with-manchego-and-membrillo/
ROAST ONION GRAVY,https://www.gordonramsay.com/gr/recipes/roast-beef-with-caramelised-onion-gravy/
STUFFED CHICKEN HONEY ROASTED GREENS,https://www.gordonramsay.com/gr/recipes/ndujachicken/
SPINACH PINE NUTS,https://www.gordonramsay.com/gr/recipes/stuffed-lamb-with-spinach-and-pine-nuts/
HONEYCOMB CAKE,https://www.gordonramsay.com/gr/recipes/honeycombcake/
HOT CROSS BUNS JAM,https://www.gordonramsay.com/gr/recipes/easterhotcrossbuns/
SHOULDER SPRING VEGETABLES PUREE CHIPS SALSA VERDE,https://www.gordonramsay.com/gr/recipes/lambshoulderwithspringvegetables/
VEGAN STEAKHOUSE WINE MUSHROOMS DEMI MASHED,https://www.gordonramsay.com/gr/recipes/vegansteakdinner/
SESAME SHRIMP BOK CHOY STIR FRY KIMCHI CARROT GINGER,https://www.gordonramsay.com/gr/recipes/sesamecrustedshrimp/
BEET SALAD CHEESE APPLES PROSCIUTTO,https://www.gordonramsay.com/gr/recipes/marinatedbeetsalad/
TORTILLA SOUP QUESADILLAS SPICY PICKLES,https://www.gordonramsay.com/gr/recipes/tortillasoup/
CAKE STACK MAPLE PECAN,https://www.gordonramsay.com/gr/recipes/kingcakestackwithmapleglaze/
TURKEY,https://www.gordonramsay.com/gr/recipes/roast-turkey-with-lemon-parsley-and-garlic/
PAVLOVA RASPBERRY,https://www.gordonramsay.com/gr/recipes/pavlovawithraspberrycurd/
DUMPLINGS BLACK,https://www.gordonramsay.com/gr/recipes/porkdumplings/
BAKED WINGS,https://www.gordonramsay.com/gr/recipes/bakedchickenwings/
CANDIED CHICKPEA SNACK MIX,https://www.gordonramsay.com/gr/recipes/candiedchickpeasnackmix/
FRENCH LENTILS LABNEH EGG,https://www.gordonramsay.com/gr/recipes/frenchlentilswithlabneh/
TOMATO TOAST POACHED FETA PRESERVED,https://www.gordonramsay.com/gr/recipes/harissatoast/
MUSHROOM BARLEY RISOTTO TRUFFLE MICROGREEN,https://www.gordonramsay.com/gr/recipes/barleyrisotto/
SAUSAGE CHEDDAR BUTTERMILK BISCUIT,https://www.gordonramsay.com/gr/recipes/buttermilkbiscuit/
MARINATED QUINOA BOWL SPINACH PLANTAINS BEANS,https://www.gordonramsay.com/gr/recipes/mojochickenquinoabowl/
GINGERBREAD BUNDT CAKE,https://www.gordonramsay.com/gr/recipes/gingerbreadbundtcake/
HOLIDAY STUFFING CORNBREAD DRESSING,https://www.gordonramsay.com/gr/recipes/holidaystuffing/
STICKY TOFFEE PUDDING,https://www.gordonramsay.com/gr/recipes/stickytoffee-pudding/
PEPE SMASHED PANCETTA BREADCRUMBS,https://www.gordonramsay.com/gr/recipes/cacioepepepotatoes/
TURKEY WELLINGTON,https://www.gordonramsay.com/gr/recipes/turkey-wellington/
BREAST GRAVY,https://www.gordonramsay.com/gr/recipes/turkey-breast-and-gravy/
BUTTERNUT SQUASH GRATIN CRISPY SHALLOTS,https://www.gordonramsay.com/gr/recipes/potato-and-butternut-squash-gratin-with-crispy-shallots/
MINI APPLE GALETTES,https://www.gordonramsay.com/gr/recipes/mini-apple-galettes/
PUMPKIN,https://www.gordonramsay.com/gr/recipes/pumpkincurry/
GRILLED SANDWICH,https://www.gordonramsay.com/gr/recipes/grilledcheese/
REINDEER OMELETTE,https://www.gordonramsay.com/gr/recipes/reindeeromelette/
SPICY SCRAMBLED ROTI,https://www.gordonramsay.com/gr/recipes/spicyscrambledroti/
RENDANG ROAD,https://www.gordonramsay.com/gr/recipes/rendangomelette/
CAJUN STYLE BREAKFAST ,https://www.gordonramsay.com/gr/recipes/cajun-style-breakfast-sandwich/
OSTRICH,https://www.gordonramsay.com/gr/recipes/ostrich-egg-inspired-scrambled-eggs-from-scrambled-on-the-road/
SEA URCHIN,https://www.gordonramsay.com/gr/recipes/sea-urchin/
BANGERS MASH 10,https://www.gordonramsay.com/gr/recipes/bangers-and-mash-in-10-minutes/
STEAK CHIMICHURRI,https://www.gordonramsay.com/gr/recipes/steak-with-chimichurri-and-potatoes-from-ramsay-in-10-live/
QUICK CURRY,https://www.gordonramsay.com/gr/recipes/quick-butternut-squash-curry/
CHORIZO TORTA WORLD,https://www.gordonramsay.com/gr/recipes/gordons-chorizo-torta/
CARBONARA,https://www.gordonramsay.com/gr/recipes/gordons-carbonara-in-under-10-minutes/
SEA BASS ISRAELI COUSCOUS,https://www.gordonramsay.com/gr/recipes/r10seabass/
FISH & CHIPS,https://www.gordonramsay.com/gr/recipes/gordons-fish-and-chips-in-10-minutes/
GORDON BURGER,https://www.gordonramsay.com/gr/recipes/gordons-burger-in-10-minutes/
STIR FRY,https://www.gordonramsay.com/gr/recipes/gordons-10-minute-stir-fry/
BURRITO,https://www.gordonramsay.com/gr/recipes/breakfastburritorecipe/
CHOPS,https://www.gordonramsay.com/gr/recipes/gordons-10-minute-lamb-chops/
SOUTHWESTERN,https://www.gordonramsay.com/gr/recipes/southwesternomelette/
GORDON'S BELLA TWINS INSPIRED HEALTHY BREAKFAST SANDWICH FROM SCRAMBLED,https://www.gordonramsay.com/gr/recipes/bellatwinsbreakfastsandwich/
GORDON'S SIMPLE MARINARA AT HOME,https://www.gordonramsay.com/gr/recipes/simplemarinara/
SHRIMP SCAMPI CAPELLINI PASTA,https://www.gordonramsay.com/gr/recipes/ramsay-in-10-shrimp-scampi-with-capellini-pasta/
PIZZA,https://www.gordonramsay.com/gr/recipes/gordons-breakfast-pizza-from-scrambled/
ZEDD,https://www.gordonramsay.com/gr/recipes/gordons-zedd-inspired-breakfast-sandwich-from-scrambled/
10 YOUTUBE BURGER,https://www.gordonramsay.com/gr/recipes/gr10million/
TACO,https://www.gordonramsay.com/gr/recipes/gordons-breakfast-tacos/
SOUTHERN INDIAN FISH CURRY,https://www.gordonramsay.com/gr/recipes/southern-indian-fish-curry/
RASPBERRY CHIA SEED,https://www.gordonramsay.com/gr/recipes/raspberry-chia-seed-jam/
CHOCOLATE AVOCADO MOUSSE,https://www.gordonramsay.com/gr/recipes/chocolate-and-avocado-mousse/
APPLE MINT SPINACH LIME CUCUMBER JUICE,https://www.gordonramsay.com/gr/recipes/apple-mint-spinach-lime-and-cucumber-juice/
CALIFORNIA ‘FRIED’ CHICKEN,https://www.gordonramsay.com/gr/recipes/california-fried-chicken-sandwich/
SPAGHETTI MEATBALLS,https://www.gordonramsay.com/gr/recipes/courgetti-spaghetti-and-turkey-meatballs/
CHEESECAKE,https://www.gordonramsay.com/gr/recipes/cheesecake-in-a-jam-jar/
BANANA ICE CREAM,https://www.gordonramsay.com/gr/recipes/banana-ice-cream/
TRAY BEANS LEEKS,https://www.gordonramsay.com/gr/recipes/tray-baked-chicken-with-butter-beans-leeks-and-spinach/
BAVETTE ROSEMARY CHIMICHURRI,https://www.gordonramsay.com/gr/recipes/bavette-steak-with-rosemary-chimichurri/
BANANA APPLE CRISPS,https://www.gordonramsay.com/gr/recipes/banana-and-apple-crisps/
APPLE-PIE SPICED PORRIDGE,https://www.gordonramsay.com/gr/recipes/prawn-waldorf-salad/
CARROT CAKE MACAROONS,https://www.gordonramsay.com/gr/recipes/carrot-cake-macaroons/
PRAWN WALDORF,https://www.gordonramsay.com/gr/recipes/prawn-waldorf-salad/
FROZEN BERRY BOWL,https://www.gordonramsay.com/gr/recipes/frozen-berry-breakfast-bowl/
GRILLED SALMON GARLIC MUSHROOM,https://www.gordonramsay.com/gr/recipes/grilled-salmon-with-garlic-mushroom-and-lentil-salad/
GOLD BISCUIT,https://www.gordonramsay.com/gr/recipes/gold-medal-biscuits/
PEANUT PANCAKES,https://www.gordonramsay.com/gr/recipes/peanut-butter-and-raspberry-jam-pancakes/
SPRING GREEN WRAPS,https://www.gordonramsay.com/gr/recipes/spring-green-wraps/
ROAST DUCK CHINESE,https://www.gordonramsay.com/gr/recipes/crispy-roast-duck-with-chinese-pancakes/
BEEF WELLINGTON,https://www.gordonramsay.com/gr/recipes/beef-wellington/
TERIYAKI,https://www.gordonramsay.com/gr/recipes/teriyaki-salmon/
HONEY GLAZED HAM,https://www.gordonramsay.com/gr/recipes/honey-glazed-ham/
GRAVY CIDER WALNUTS,https://www.gordonramsay.com/gr/recipes/turkey-gravy-with-cider-and-walnuts/
CHRISTMAS BOMBE,https://www.gordonramsay.com/gr/recipes/christmas-bombe/
ROAST BEEF CARPACCIO,https://www.gordonramsay.com/gr/recipes/roast-beef-carpaccio-with-truffle-dressing/
MAGIC CHOCOLATE WANDS,https://www.gordonramsay.com/gr/recipes/magic-chocolate-wands/
CAULIFLOWER RECIPE,https://www.gordonramsay.com/gr/recipes/macaroni-and-cauliflower-bake-with-three-cheeses/
EMPANADA,https://www.gordonramsay.com/gr/recipes/beef-empanadas/
CRANBERRY MINCE PIES,https://www.gordonramsay.com/gr/recipes/cranberry-mince-pies/
MOZZARELLA ROSEMARY,https://www.gordonramsay.com/gr/recipes/mozzarella-and-rosemary-pizza/
APRICOT FRANGIPANE TART,https://www.gordonramsay.com/gr/recipes/apricot-and-frangipane-tart/
PINEAPPLE DESSERT CARAMEL,https://www.gordonramsay.com/gr/recipes/griddled-pineapple-with-spiced-caramel/
MEATBALL SANDWICH,https://www.gordonramsay.com/gr/recipes/beef-meatball-sandwich-with-melting-mozzarella-and-tomato-salsa/
EASY ARANCINI,https://www.gordonramsay.com/gr/recipes/easy-arancini/
HOMEMADE GNOCCHI,https://www.gordonramsay.com/gr/recipes/home-made-gnocchi/
CHILLI LETTUCE WRAP,https://www.gordonramsay.com/gr/recipes/chilli-beef-lettuce-wraps/
SPICY SHAWARMA,https://www.gordonramsay.com/gr/recipes/shawarma-spiced-chicken-wraps/
GRILLED CORN ON THE COB CHIPOTLE,https://www.gordonramsay.com/gr/recipes/grilled-corn-with-chipotle-chilli-butter/
MILLEFEUILLE,https://www.gordonramsay.com/gr/recipes/raspberry-millefeuille/
FRESH PRAWN ROLL,https://www.gordonramsay.com/gr/recipes/fresh-prawn-rolls/
STEAK SANDWICH,https://www.gordonramsay.com/gr/recipes/steak-sandwiches/
FENNEL CAPERS,https://www.gordonramsay.com/gr/recipes/sea-bass-with-fennel-lemon-and-capers/
BACON PEA GOAT CHEESE FRITTATA,https://www.gordonramsay.com/gr/recipes/bacon-pea-and-goats-cheese-frittata/
SEAFOOD SWEET PEPPER SAUCE,https://www.gordonramsay.com/gr/recipes/grilled-seafood-with-sweet-pepper-sauce/
SLOW-COOKED LAMB,https://www.gordonramsay.com/gr/recipes/slow-cooked-fiery-lamb/
COCONUT PANCAKES MANGO SLICES LIME SYRUP,https://www.gordonramsay.com/gr/recipes/coconut-pancakes-with-mango-slices-and-lime-syrup/
HALLOUMI COURGETTE AND HERB CAKES,https://www.gordonramsay.com/gr/recipes/halloumi-courgette-and-herb-cakes/
CHOCOLATE BRITTLE,https://www.gordonramsay.com/gr/recipes/indulgent-mini-chocolate-tarts-with-peanut-brittle/
COFFEE CUP,https://www.gordonramsay.com/gr/recipes/coffee-and-chocolate-cups/
CRUSHED PEAS PECORINO,https://www.gordonramsay.com/gr/recipes/crushed-peas-and-mozzarella-on-toast-with-pecorino/
SPICY,https://www.gordonramsay.com/gr/recipes/spicy-beef-salad/
GAZPACHO,https://www.gordonramsay.com/gr/recipes/gazpacho/
BEER BREAD,https://www.gordonramsay.com/gr/recipes/beer-bread/
QUINOA SALAD,https://www.gordonramsay.com/gr/recipes/quinoa-salad/
ROASTED SQUASH HOUMOUS,https://www.gordonramsay.com/gr/recipes/roasted-squash-houmous/
SHORT RIBS,https://www.gordonramsay.com/gr/recipes/slow-cooked-beef-short-ribs/
PAN-FRIED SCALLOPS,https://www.gordonramsay.com/gr/recipes/pan-fried-scallops-with-crunchy-apple-salad/
SEA BREAM,https://www.gordonramsay.com/gr/recipes/sea-bream-with-tomato-and-herb-salsa/
KOFTAS MINT YOGHURT DRESSING,https://www.gordonramsay.com/gr/recipes/lamb-koftas-with-mint-and-yoghurt-dressing/
ORZO PASTA,https://www.gordonramsay.com/gr/recipes/orzo-pasta-salad/
RED ONION VINAIGRETTE GREEN BEAN,https://www.gordonramsay.com/gr/recipes/roasted-red-onion-vinaigrette-with-green-bean-salad/
PORK BELLY,https://www.gordonramsay.com/gr/recipes/slow-roasted-pork-belly/
AND,https://www.gordonramsay.com/gr/recipes/bread-and-butter-pudding/
ASPARAGUS TARRAGON HOLLANDAISE,https://www.gordonramsay.com/gr/recipes/asparagus-with-lemon-and-tarragon-hollandaise/
AUTUMN PIES,https://www.gordonramsay.com/gr/recipes/chicken-and-autumn-vegetable-pies/
JERK,https://www.gordonramsay.com/gr/recipes/jerk-chicken/
PIMMS JELLIES,https://www.gordonramsay.com/gr/recipes/pimms-jellies/
NORTH AFRICAN EGG,https://www.gordonramsay.com/gr/recipes/north-african-eggs/
CRUMBLE,https://www.gordonramsay.com/gr/recipes/apple-crumble/
OLIVE ROSEMARY FOCACCIA,https://www.gordonramsay.com/gr/recipes/olive-tomato-and-rosemary-focaccia/
FISH PIE,https://www.gordonramsay.com/gr/recipes/fish-pie/
MEATBALL SUBS,https://www.gordonramsay.com/gr/recipes/slam-dunk-meatball-subs/
BANANAS,https://www.gordonramsay.com/gr/recipes/bananas-in-pyjamas/
CORN SAUSAGE SPAGHETTI,https://www.gordonramsay.com/gr/recipes/cornish-seaside-sausage-spaghetti/
POPCORN PRAWNS,https://www.gordonramsay.com/gr/recipes/popcorn-chicken-and-prawns/
ICE CREAM SANDWICHES,https://www.gordonramsay.com/gr/recipes/ice-cream-sandwiches/
LEAN SKEWER,https://www.gordonramsay.com/gr/recipes/lean-machine-chicken-skewers/
BROWNIES,https://www.gordonramsay.com/gr/recipes/pop-power-chocolate-brownies/
RIBS,https://www.gordonramsay.com/gr/recipes/crazy-sticky-ribs/